{"auc": 0.5581365828890581, "accuracy": 0.8402489626556017, "_timestamp": 1706100275.8579378, "_runtime": 97.85780191421509, "_step": 5, "_wandb": {"runtime": 94}}