{"acc": 0.774298121386416, "loss": 0.24992878012827585, "_timestamp": 1706099453.5952349, "_runtime": 24.14648675918579, "_step": 7, "_wandb": {"runtime": 21}}